title,source_country,date,url,clean_text,headline_length_words,month
Filistin direnişinin sembol ismi Bergusinin İsrail hapishanesinde işkencelere maruz kaldığı belirtildi,Turkey,2026-04-15 03:30:00,https://www.aa.com.tr/tr/dunya/filistin-direnisinin-sembol-ismi-bergusinin-israil-hapishanesinde-iskencelere-maruz-kaldigi-belirtildi/3905815,filistin direnişinin sembol ismi bergusinin i srail hapishanesinde işkencelere maruz kaldığı belirtildi,12,2026-04
İspanyadan İsraile sert tepki ! ,Turkey,2026-03-15 21:00:00,https://www.kocaeligazetesi.com.tr/haber/27637853/ispanyadan-israile-sert-tepki,i spanyadan i sraile sert tepki,6,2026-03
Küresel Sumud Filosu Gazzeye doðru yola kýyor,Turkey,2026-04-12 08:15:00,https://www.aksam.com.tr/dunya/kuresel-sumud-filosu-gazzeye-dogru-yola-cikiyor/haber-1658086,küresel sumud filosu gazzeye doðru yola kýyor,7,2026-04
"Filistin Devlet Başkanı Abbas , tüm zorluklara rağmen Filistinlilerin sandık başına gitmesinden memnun",Turkey,2026-04-25 15:15:00,https://www.haberler.com/guncel/filistin-devlet-baskani-abbas-tum-zorluklara-19781332-haberi/,filistin devlet başkanı abbas tüm zorluklara rağmen filistinlilerin sandık başına gitmesinden memnun,12,2026-04
OPINION - Trump Gaza Plan : A blueprint for entrenching colonial power,Turkey,2026-03-02 14:00:00,https://www.aa.com.tr/en/opinion/opinion-trumps-gaza-plan-a-blueprint-for-entrenching-colonial-power/3842044,opinion trump gaza plan a blueprint for entrenching colonial power,10,2026-03
"Çinin BM Daimi Temsilcisi Büyükelçi Fu :  Filistin meselesi , Orta Doğu sorununun özü niteliğindedir  ",Turkey,2026-04-28 19:45:00,https://www.haberler.com/guncel/cin-in-bm-daimi-temsilcisi-buyukelci-fu-filistin-19788844-haberi/,çinin bm daimi temsilcisi büyükelçi fu filistin meselesi orta doğu sorununun özü niteliğindedir,13,2026-04
"Filistin topraklarını gasbeden İsrailliler , Batı Şeriada 2 kardeşi öldürdü 3 kişiyi yaraladı",Turkey,2026-03-02 13:15:00,https://www.haberler.com/guncel/israil-in-nablus-taki-saldirisinda-2-filistinli-kardes-hayatini-kaybetti-19616854-haberi/,filistin topraklarını gasbeden i srailliler batı şeriada 2 kardeşi öldürdü 3 kişiyi yaraladı,13,2026-03
"4 children , pregnant woman dead as Israel kills 8 in W . Bank , Gaza",Turkey,2026-03-15 14:30:00,https://www.dailysabah.com/world/mid-east/4-children-pregnant-woman-dead-as-israel-kills-8-in-w-bank-gaza,4 children pregnant woman dead as israel kills 8 in w bank gaza,13,2026-03
TBMM Başkanı Kurtulmuş : Ortadoğuda kalıcı huzurun yolu iki devletli siyasi ufkun hayata geçirilmesini gerektirmektedir,Turkey,2026-04-15 11:15:00,https://www.haberler.com/guncel/tbmm-baskani-kurtulmus-ortadogu-da-kalici-huzurun-19751607-haberi/,tbmm başkanı kurtulmuş ortadoğuda kalıcı huzurun yolu iki devletli siyasi ufkun hayata geçirilmesini gerektirmektedir,14,2026-04
İsrailin işkenceleri soykırım kapsamına alındı : Filistinliler gözaltında ölüyor,Turkey,2026-03-24 09:15:00,https://www.haber7.com/dunya/haber/3614425-israilin-iskenceleri-soykirim-kapsamina-alindi-filistinliler-gozaltinda-oluyor,i srailin işkenceleri soykırım kapsamına alındı filistinliler gözaltında ölüyor,9,2026-03
Filistin topraklarını gasbeden İsraillilerin Batı Şeriadaki saldırılarında 8 Filistinli yaralandı,Turkey,2026-03-22 22:00:00,https://www.haberler.com/guncel/israilli-saldirilarda-8-filistinli-yaralandi-19680075-haberi/,filistin topraklarını gasbeden i sraillilerin batı şeriadaki saldırılarında 8 filistinli yaralandı,11,2026-03
Hamas : Yerel seçimler tüm meşruiyetlerin yenilenmesi için olumlu bir adımdır,Turkey,2026-04-26 17:45:00,https://www.haksozhaber.net/hamas-yerel-secimler-tum-mesruiyetlerin-yenilenmesi-icin-olumlu-bir-adimdir-203882h.htm,hamas yerel seçimler tüm meşruiyetlerin yenilenmesi için olumlu bir adımdır,10,2026-04
Moscow concerned about halt in Palestinian peace efforts,Turkey,2026-04-10 23:15:00,https://aa.com.tr/en/middle-east/moscow-concerned-about-halt-in-palestinian-peace-efforts/3901556,moscow concerned about halt in palestinian peace efforts,8,2026-04
Sumud Filosu yeniden Gazzeye doğru yola çıktı,Turkey,2026-04-12 17:45:00,https://www.birgun.net/haber/sumud-filosu-yeniden-gazze-ye-dogru-yola-cikti-705354,sumud filosu yeniden gazzeye doğru yola çıktı,7,2026-04
Filistin Devleti Başkan Yardımcısı Şeyh Türkiyeye geliyor,Turkey,2026-03-30 16:30:00,https://www.memleket.com.tr/filistin-devleti-baskan-yardimcisi-seyh-turkiyeye-geliyor-2355506h.htm,filistin devleti başkan yardımcısı şeyh türkiyeye geliyor,7,2026-03
"Growing settler violence in W . Bank draws local , intl condemnation",Turkey,2026-03-26 12:15:00,https://www.dailysabah.com/world/mid-east/growing-settler-violence-in-w-bank-draws-local-intl-condemnation,growing settler violence in w bank draws local intl condemnation,10,2026-03
Gazzede sağlık sistemi küşün eşiğinde,Turkey,2026-04-07 15:30:00,https://www.haberler.com/guncel/gazze-de-saglik-sistemi-cokusun-esiginde-19726030-haberi/,gazzede sağlık sistemi küşün eşiğinde,5,2026-04
İsrail Refah Sınır Kapısı  nı yine kapattı,Turkey,2026-04-07 12:30:00,https://www.haber7.com/dunya/haber/3618098-israil-refah-sinir-kapisini-yine-kapatti,i srail refah sınır kapısı nı yine kapattı,8,2026-04
"Filistin Devlet Başkan Yardımcısı Şeyh , Türkiyeye geliyor",Turkey,2026-03-30 10:45:00,https://www.haberler.com/politika/filistin-devlet-baskan-yardimcisi-huseyin-seyh-turkiye-ye-geliyor-19699141-haberi/,filistin devlet başkan yardımcısı şeyh türkiyeye geliyor,7,2026-03
Küresel Sumud Parlamenterler Kongresinde  İsraile karşı siyasi olarak harekete geçme  çağrısı,Turkey,2026-04-22 11:15:00,https://www.haberler.com/guncel/bruksel-de-kuresel-sumud-parlamenterler-kongresi-nde-filistin-e-destek-vurgusu-19773039-haberi/,küresel sumud parlamenterler kongresinde i sraile karşı siyasi olarak harekete geçme çağrısı,12,2026-04
İran  ın İsraile attığı füzenin parçasının Batı Şeriaya düşmesi sonucu 4 Filistinli hayatını kaybetti,Turkey,2026-03-18 23:30:00,https://www.aa.com.tr/tr/dunya/iranin-israile-attigi-fuzenin-parcasinin-bati-seriaya-dusmesi-sonucu-4-filistinli-hayatini-kaybetti/3870644,i ran ın i sraile attığı füzenin parçasının batı şeriaya düşmesi sonucu 4 filistinli hayatını kaybetti,16,2026-03
"EuroPalestine Derneği Başkanı Zemor , Filistini savunduğu için  skandal bir ceza  aldığını söyledi Açıklaması",Turkey,2026-04-07 09:15:00,https://www.haberler.com/guncel/europalestine-dernegi-baskani-zemor-filistin-i-19724257-haberi/,europalestine derneği başkanı zemor filistini savunduğu için skandal bir ceza aldığını söyledi açıklaması,13,2026-04
Orta Doğuda çok katmanlı çatışma analizi : Din - G ve Jeopolitik Savaş,Turkey,2026-04-02 09:30:00,https://www.haberturk.com/orta-doguda-cok-katmanli-catisma-analizi-din-guc-ve-jeopolitik-savas-3874249,orta doğuda çok katmanlı çatışma analizi din g ve jeopolitik savaş,11,2026-04
İspanyadan İsraile son dakika Filistin resti !  Kabul edilemez  deyip ilan ettiler,Turkey,2026-03-15 21:15:00,https://www.haber7.com/dunya/haber/3612309-ispanyadan-israile-son-dakika-filistin-resti-kabul-edilemez-deyip-ilan-ettiler,i spanyadan i sraile son dakika filistin resti kabul edilemez deyip ilan ettiler,13,2026-03
"İsrail ordusu , Batı Şeriada biri kadın 17 Filistinliyi gözaltına aldı",Turkey,2026-04-15 08:15:00,https://www.haberler.com/guncel/israil-ordusu-bati-seria-da-biri-kadin-17-19750819-haberi/,i srail ordusu batı şeriada biri kadın 17 filistinliyi gözaltına aldı,11,2026-04
Hakan Fidan : Dünya İsrailin sabotajlarına ses çıkarmalı,Turkey,2026-04-09 15:30:00,https://www.haber7.com/dunya/haber/3618758-hakan-fidan-dunya-israilin-sabotajlarina-ses-cikarmali,hakan fidan dünya i srailin sabotajlarına ses çıkarmalı,8,2026-04
Batı Şeriada bir yılda 36 bin Filistinli yerinden edildi,Turkey,2026-03-18 10:15:00,https://www.haksozhaber.net/bati-seriada-bir-yilda-36-bin-filistinli-yerinden-edildi-201486h.htm,batı şeriada bir yılda 36 bin filistinli yerinden edildi,9,2026-03
"İsrail ordusu , Batı Şeriadaki baskınlarda 50  den fazla Filistinliyi gözaltına aldı",Turkey,2026-04-20 09:45:00,https://www.haberler.com/guncel/israil-ordusu-bati-seria-daki-baskinlarda-50-den-19766271-haberi/,i srail ordusu batı şeriadaki baskınlarda 50 den fazla filistinliyi gözaltına aldı,12,2026-04
"Filistin , Batı Şeriadaki İsrail saldırılarında 1 , 3 milyon dolar zarar oluştuğunu açıkladı",Turkey,2026-03-01 18:15:00,https://www.bursadabugun.com/haber/filistin-bati-seria-daki-israil-saldirilarinda-1-3-milyon-dolar-zarar-olustugunu-acikladi-1897174.html,filistin batı şeriadaki i srail saldırılarında 1 3 milyon dolar zarar oluştuğunu açıkladı,13,2026-03
Kalyon Kültürde Filistine destek amacıyla  Sessiz Ayakkabılar  sergisi açıldı,Turkey,2026-03-14 09:45:00,https://www.gunes.com/sanat/kalyon-kulturde-filistine-destek-amaciyla-sessiz-ayakkabilar-sergisi-acildi-1225666,kalyon kültürde filistine destek amacıyla sessiz ayakkabılar sergisi açıldı,9,2026-03
Rusyadan ABD ve İrana  müzakereleri baltalayacak eylemlerden kaçınma  çağrısı,Turkey,2026-04-11 14:15:00,https://www.haksozhaber.net/rusyadan-abd-ve-irana-muzakereleri-baltalayacak-eylemlerden-kacinma-cagrisi-202884h.htm,rusyadan abd ve i rana müzakereleri baltalayacak eylemlerden kaçınma çağrısı,10,2026-04
Filistin topraklarını gasbeden İsrailli yerleşimciler Batı Şeriada bir Filistinliyi vurarak öldürdü,Turkey,2026-03-07 16:45:00,https://www.haberler.com/guncel/israilli-yerlesimcilerin-saldirisinda-bir-filistinli-hayatini-kaybetti-19634893-haberi/,filistin topraklarını gasbeden i srailli yerleşimciler batı şeriada bir filistinliyi vurarak öldürdü,12,2026-03
İsveç  te İsrailin saldırılarına protesto,Turkey,2026-04-18 17:45:00,https://haber.mynet.com/isvec-te-israil-in-saldirilarina-protesto-110107289508,i sveç te i srailin saldırılarına protesto,7,2026-04
"MİT Başkanı Kalın , Hamas heyeti ile Gazzeyi görüştü",Turkey,2026-04-01 01:15:00,https://www.haberankara.com/gundem/mit-baskani-kalin-hamas-heyeti-ile-gazzeyi-gorustu-312538,mi t başkanı kalın hamas heyeti ile gazzeyi görüştü,9,2026-04
İsrail askerleri işgal altındaki Batı Şeriada 2 Filistinli çocuğu öldürdü,Turkey,2026-03-17 01:00:00,http://www.haberler.com/guncel/israil-askerleri-bati-seria-da-2-filistinli-cocugu-oldurdu-19664174-haberi/,i srail askerleri işgal altındaki batı şeriada 2 filistinli çocuğu öldürdü,11,2026-03
"İsrail ordusu , Batı Şeriada düzenlediği baskınlarda 26 Filistinliyi gözaltına aldı",Turkey,2026-03-15 10:30:00,http://www.haberler.com/guncel/israil-ordusu-bati-seria-da-26-filistinliyi-gozaltina-aldi-19659768-haberi/,i srail ordusu batı şeriada düzenlediği baskınlarda 26 filistinliyi gözaltına aldı,11,2026-03
"İsrail askerlerinin , işgal altındaki Batı Şeriada açtığı ateş sonucu 6 Filistinli yaralandı",Turkey,2026-03-06 15:15:00,http://www.haberler.com/guncel/israil-in-bati-seria-daki-baskininda-6-yarali-19631592-haberi/,i srail askerlerinin işgal altındaki batı şeriada açtığı ateş sonucu 6 filistinli yaralandı,13,2026-03
Filistin Başbakanı Mustafadan İsraile karşı  acilen ve kararlı bir şekilde müdahale  çağrısı,Turkey,2026-04-20 09:45:00,https://www.haberler.com/guncel/filistin-basbakani-ndan-israil-e-sert-cagri-19766304-haberi/,filistin başbakanı mustafadan i sraile karşı acilen ve kararlı bir şekilde müdahale çağrısı,13,2026-04
"İşgalci İsrail , Batı Şeriada 7 kişiyi gözaltına aldı , yaşlı bir Filistinliyi darbetti",Turkey,2026-03-22 11:45:00,https://www.trthaber.com/haber/dunya/isgalci-israil-bati-seriada-7-kisiyi-gozaltina-aldi-yasli-bir-filistinliyi-darbetti-938691.html,i şgalci i srail batı şeriada 7 kişiyi gözaltına aldı yaşlı bir filistinliyi darbetti,14,2026-03
Siyonist İsrail askerleri Batı Şeriada baskın düzenledi : 23 Filistinli gözaltına alındı,Turkey,2026-03-31 10:30:00,https://www.sabah.com.tr/dunya/siyonist-israil-askerleri-bati-seriada-baskin-duzenledi-23-filistinli-gozaltina-alindi-7554035,siyonist i srail askerleri batı şeriada baskın düzenledi 23 filistinli gözaltına alındı,12,2026-03
Eski Mossad Direktörü Tamir Pardo : Yahudi olmaktan utanıyorum,Turkey,2026-04-28 09:45:00,https://www.ensonhaber.com/dunya/eski-mossad-direktoru-tamir-pardo-yahudi-olmaktan-utaniyorum,eski mossad direktörü tamir pardo yahudi olmaktan utanıyorum,8,2026-04
İsrail askerleri Batı Şeriaya düzenlediği baskında 2 kişiyi gözaltına aldı,Turkey,2026-03-07 10:30:00,http://www.haberler.com/guncel/israil-ordusu-nablus-ta-baskin-duzenledi-19633720-haberi/,i srail askerleri batı şeriaya düzenlediği baskında 2 kişiyi gözaltına aldı,11,2026-03
İsrail ordusu Batı Şeriada 6 Filistinliyi yaraladı,Turkey,2026-04-26 09:30:00,https://www.bursahakimiyet.com.tr/gundem/israil-ordusu-bati-seria-da-6-filistinliyi-yaraladi-1615682,i srail ordusu batı şeriada 6 filistinliyi yaraladı,8,2026-04
"İşgalci İsrailliler , Nablusta bir kız okuluna saldırdı",Turkey,2026-03-21 09:45:00,https://www.trthaber.com/haber/dunya/isgalci-israilliler-nablusta-bir-kiz-okuluna-saldirdi-938581.html,i şgalci i srailliler nablusta bir kız okuluna saldırdı,9,2026-03
Filistin : İsrailin  idam yasası  halkımıza karşı savaş suçudur,Turkey,2026-03-30 20:15:00,https://www.trthaber.com/haber/dunya/filistin-israilin-idam-yasasi-halkimiza-karsi-savas-sucudur-939702.html,filistin i srailin idam yasası halkımıza karşı savaş suçudur,9,2026-03
"İsrailde aşırı sağcı gruplar , Filistin ve Lübnan topraklarının gasbını istiyor",Turkey,2026-04-07 14:45:00,https://www.aa.com.tr/tr/dunya/israilde-asiri-sagci-gruplar-filistin-ve-lubnan-topraklarinin-gasbini-istiyor/3896027,i srailde aşırı sağcı gruplar filistin ve lübnan topraklarının gasbını istiyor,11,2026-04
"Filistin topraklarını gasbeden İsrailliler , Batı Şeriada Filistinlileri darbetti hayvanlarını çaldı - Yeni Meram - Konya Haberleri",Turkey,2026-03-13 16:30:00,https://www.yenimeram.com.tr/filistin-topraklarini-gasbeden-israilliler-bati-seriada-filistinlileri-darbetti-hayvanlarini-caldi.htm,filistin topraklarını gasbeden i srailliler batı şeriada filistinlileri darbetti hayvanlarını çaldı yeni meram konya haberleri,15,2026-03
"Filistin topraklarını gasbeden Siyonist yerleşimciler , bir Filistinlinin 150 büyükbaş hayvanını çaldı",Turkey,2026-03-06 15:00:00,https://www.haksozhaber.net/filistin-topraklarini-gasbeden-siyonist-yerlesimciler-bir-filistinlinin-150-buyukbas-201005h.htm,filistin topraklarını gasbeden siyonist yerleşimciler bir filistinlinin 150 büyükbaş hayvanını çaldı,11,2026-03
Gazzenin Tarihsel Arka Planı ve 7 Ekime Giden Süreç - Dr . Bilal TANRIVERDİ,Turkey,2026-03-03 07:15:00,https://www.risalehaber.com/bilal-tanriverdi-gazzenin-tarihsel-arka-plani-ve-7-ekime-giden-surec-28702yy.htm,gazzenin tarihsel arka planı ve 7 ekime giden süreç dr bilal tanriverdi,12,2026-03
Filistin merkezli insan hakları derneği direktörünün Fransaya girişi engellendi,Turkey,2026-04-16 12:00:00,https://www.haberler.com/guncel/fransa-insan-haklari-savunucusu-jabarin-in-ulkeye-girisini-engelledi-19755094-haberi/,filistin merkezli insan hakları derneği direktörünün fransaya girişi engellendi,9,2026-04
İsrailin Batı Şeriada daha çok Filistin toprağı gasbederek 34 yeni yerleşim kararı aldığı bildirildi,Turkey,2026-04-09 12:15:00,https://www.internethaber.com/israilin-bati-seriada-daha-cok-filistin-topragi-gasbederek-34-yeni-yerlesim-karari-aldigi-bildirildi-2438699h.htm,i srailin batı şeriada daha çok filistin toprağı gasbederek 34 yeni yerleşim kararı aldığı bildirildi,15,2026-04
Cumhurbaşkanı Erdoğan :  Diplomasi ve müzakerenin yerini füze ve bombaların aldığı böyle bir ortamda kimse güvende değildir  İhlas Haber Ajansı,Turkey,2026-04-16 22:00:00,https://www.iha.com.tr/istanbul-haberleri/cumhurbaskani-erdogan-diplomasi-ve-muzakerenin-yerini-fuze-ve-bombalarin-aldigi-boyle-bir-ortamda-kimse-guvende-degildir-409089532,cumhurbaşkanı erdoğan diplomasi ve müzakerenin yerini füze ve bombaların aldığı böyle bir ortamda kimse güvende değildir i hlas haber ajansı,20,2026-04
Almanya - İsrail arasında  Batı Şeria  tartışması,Turkey,2026-04-14 12:30:00,https://www.aa.com.tr/tr/dunya/almanya-israil-arasinda-bati-seria-tartismasi/3905088,almanya i srail arasında batı şeria tartışması,7,2026-04
"Joint Statement by the Foreign Ministers of Türkiye , Brazil , Denmark , Egypt , France , Finland , Iceland , Indonesia , Ireland , Jordan , Luxembourg , Norway , Palestine , Portugal , Qatar , Saudi Arabia , Slovenia , Spain , Sweden along with the ...",Turkey,2026-03-02 14:00:00,https://www.mfa.gov.tr/joint-statement-by-the-foreign-ministers-of-turkiye----23-february-2026.en.mfa,joint statement by the foreign ministers of türkiye brazil denmark egypt france finland iceland indonesia ireland jordan luxembourg norway palestine portugal qatar saudi arabia slovenia spain sweden along with the,30,2026-03
Küresel Sumud Parlamenterler Kongresinde  İsraile karşı siyasi olarak harekete geçme  çağrısı,Turkey,2026-04-22 14:00:00,https://www.haksozhaber.net/kuresel-sumud-parlamenterler-kongresinde-israile-karsi-siyasi-olarak-harekete-gecme--203621h.htm,küresel sumud parlamenterler kongresinde i sraile karşı siyasi olarak harekete geçme çağrısı,12,2026-04
"İsrail , soykırımı eleştiren dünyaca ünlü isimler için liste hazırladı ! Komedyenler , sosyal medya fenomenleri , aktivistler ... ",Turkey,2026-04-15 08:00:00,https://www.milliyet.com.tr/dunya/son-dakika-israil-soykirimi-elestiren-dunyaca-unlu-isimler-icin-liste-hazirladi-komedyenler-sosyal-medya-fenomenleri-aktivistler-7571644,i srail soykırımı eleştiren dünyaca ünlü isimler için liste hazırladı komedyenler sosyal medya fenomenleri aktivistler,15,2026-04
Filistin topraklarını gasbeden İsraillilerin açtığı ateş sonucu Batı Şeriada 2 Filistinli hayatını kaybetti,Turkey,2026-03-08 05:30:00,https://www.haberler.com/guncel/ramallah-ta-israil-saldirisinda-2-filistinli-hayatini-kaybetti-19635905-haberi/,filistin topraklarını gasbeden i sraillilerin açtığı ateş sonucu batı şeriada 2 filistinli hayatını kaybetti,14,2026-03
"İsrail , Nablusta bir kız okuluna saldırdı",Turkey,2026-03-21 11:00:00,https://www.birgun.net/haber/israil-nablusta-bir-kiz-okuluna-saldirdi-700660,i srail nablusta bir kız okuluna saldırdı,7,2026-03
Gazzede can kaybı 72 bin 126  ya yükseldi,Turkey,2026-03-08 11:15:00,https://www.haberler.com/3-sayfa/gazze-deki-can-kaybi-72-bin-126-ya-yukseldi-19636793-haberi/,gazzede can kaybı 72 bin 126 ya yükseldi,8,2026-03
İsrail Enerji Bakanından işgal altındaki Batı Şeriada enerji santralleri kurulacağı açıklaması,Turkey,2026-04-06 21:00:00,https://www.bursahakimiyet.com.tr/dunya/israil-enerji-bakanindan-isgal-altindaki-bati-seria-da-enerji-santralleri-kurulacagi-aciklamasi-1605930,i srail enerji bakanından işgal altındaki batı şeriada enerji santralleri kurulacağı açıklaması,12,2026-04
"Filistin topraklarını gasbeden İsrailliler , Batı Şeriada 11 Filistinli aileyi yerinden etti",Turkey,2026-03-08 19:45:00,https://www.haberler.com/guncel/israil-in-bati-seria-daki-saldirilari-11-filistinli-aileyi-yerinden-etti-19638275-haberi/,filistin topraklarını gasbeden i srailliler batı şeriada 11 filistinli aileyi yerinden etti,12,2026-03
BM açıkladı : Gazzede tüm insani yardım hareketleri engellendi,Turkey,2026-03-13 21:15:00,https://dogruhaber.com.tr/bm-acikladi-gazzede-tum-insani-yardim-hareketleri-engellendi,bm açıkladı gazzede tüm insani yardım hareketleri engellendi,8,2026-03
Küresel Sumud Filosu aynı hedef ve genişleyen stratejisiyle Gazzeye doğru yola çıkıyor,Turkey,2026-04-12 07:15:00,https://www.haberler.com/guncel/kuresel-sumud-filosu-gazze-ye-dogru-yola-cikiyor-19741230-haberi/,küresel sumud filosu aynı hedef ve genişleyen stratejisiyle gazzeye doğru yola çıkıyor,12,2026-04
Gazzede can kaybı 72 bin 134  e ulaştı - Internet Haber,Turkey,2026-03-10 12:45:00,https://www.internethaber.com/gazzede-can-kaybi-72-bin-134e-ulasti-2434640h.htm,gazzede can kaybı 72 bin 134 e ulaştı internet haber,10,2026-03
Cumhurbaşkanı Erdoğan : Filistini unutmuyoruz,Turkey,2026-03-13 18:30:00,https://www.internethaber.com/cumhurbaskani-erdogan-filistini-unutmuyoruz-2435213h.htm,cumhurbaşkanı erdoğan filistini unutmuyoruz,4,2026-03
"BM yetkilisi , işgal altındaki Filistin topraklarına saldırıların  endişe verici oranda  arttığını belirtti",Turkey,2026-03-25 04:15:00,https://www.trthaber.com/haber/dunya/bm-yetkilisi-isgal-altindaki-filistin-topraklarina-saldirilarin-endise-verici-oranda-arttigini-belirtti-938966.html,bm yetkilisi işgal altındaki filistin topraklarına saldırıların endişe verici oranda arttığını belirtti,12,2026-03
Siyonist İsrailin Camilerin yanı sıra Hristiyanlara ait kilise ve sembolleri hedef alan saldırıları tepki çekti,Turkey,2026-04-21 16:30:00,https://video.haber7.com/video-galeri/362013-siyonist-israilin-camilerin-yani-sira-hristiyanlara-ait-kilise-ve-sembolleri-hedef-alan-saldirilari-tepki-cekti,siyonist i srailin camilerin yanı sıra hristiyanlara ait kilise ve sembolleri hedef alan saldırıları tepki çekti,16,2026-04
Rusya : Filistin meselesi göz ardı edilmemeli,Turkey,2026-04-10 22:45:00,https://www.ensonhaber.com/dunya/rusya-filistin-meselesi-goz-ardi-edilmemeli,rusya filistin meselesi göz ardı edilmemeli,6,2026-04
Israel closes Rafah crossing and all other checkpoints in the West Bank and Gaza Strip,Israel,2026-03-01 15:00:00,https://www.middleeasteye.net/news/israel-closes-rafah-crossing-checkpoint-west-bank-gaza-strip,israel closes rafah crossing and all other checkpoints in the west bank and gaza strip,15,2026-03
الرئيس محمود عباس يتلقى اتصالا هاتفيا من الرئيس الإندونيسي برابوا سوبيانتو - شبكة فلسطين للأنباء,Israel,2026-03-23 22:00:00,https://www.shfanews.net/post/271610,الرئيس محمود عباس يتلقى اتصالا هاتفيا من الرئيس الإندونيسي برابوا سوبيانتو شبكة فلسطين للأنباء,14,2026-03
الرئيس محمود عباس يتلقى اتصالا هاتفيا من رئيس الوزراء اليوناني - شبكة فلسطين للأنباء,Israel,2026-03-06 15:00:00,https://www.shfanews.net/post/268947,الرئيس محمود عباس يتلقى اتصالا هاتفيا من رئيس الوزراء اليوناني شبكة فلسطين للأنباء,13,2026-03
نظام صحي متهالك : ارقام صادمة بشأن القطاع الصحي الفلسطيني – تلفزيون الفجر,Israel,2026-04-07 09:15:00,https://alfajertv.com/news/palnews/725325.html,نظام صحي متهالك ارقام صادمة بشأن القطاع الصحي الفلسطيني تلفزيون الفجر,11,2026-04
ماكرون يحذر من احتلال لبنان ويدعو للاعتراف بدولة فلسطين,Israel,2026-03-24 06:00:00,https://www.aljazeera.net/news/2026/3/24/%D9%85%D8%A7%D9%83%D8%B1%D9%88%D9%86-%D9%8A%D8%AD%D8%B0%D8%B1-%D9%85%D9%86-%D8%A7%D8%AD%D8%AA%D9%84%D8%A7%D9%84-%D9%84%D8%A8%D9%86%D8%A7%D9%86-%D9%88%D9%8A%D8%AF%D8%B9%D9%88,ماكرون يحذر من احتلال لبنان ويدعو للاعتراف بدولة فلسطين,9,2026-03
عرابي : المجتمع الإسرائيلي في حالة تصدع وانهيار تحت القصف الإيراني والمقاومة اللبنانية,Israel,2026-04-01 19:00:00,https://www.raya.ps/news/1214943.html,عرابي المجتمع الإسرائيلي في حالة تصدع وانهيار تحت القصف الإيراني والمقاومة اللبنانية,12,2026-04
"  Unprecedented expulsion : UN says Israel displaced 36 , 000 Palestinians in West Bank",Israel,2026-03-18 08:30:00,https://www.middleeasteye.net/news/unprecedented-expulsion-un-says-israel-displaced-36000-palestinians-west-bank,unprecedented expulsion un says israel displaced 36 000 palestinians in west bank,12,2026-03
PM Mustafa holds high - level talks with European officials in Brussels,Israel,2026-04-21 12:15:00,https://english.pnn.ps/news/48123,pm mustafa holds high level talks with european officials in brussels,11,2026-04
Fatah claims  sweeping victory  in 2026 Palestinian local elections,Israel,2026-04-26 11:00:00,https://www.jpost.com/middle-east/article-894145,fatah claims sweeping victory in 2026 palestinian local elections,9,2026-04
Forty nations meet in The Hague to discuss measures against Israel West Bank annexation,Israel,2026-03-04 17:15:00,https://www.middleeasteye.net/news/forty-nations-convene-hague-discuss-measures-against-israels-annexation-west-bank,forty nations meet in the hague to discuss measures against israel west bank annexation,14,2026-03
بنك الأردن يدعم جمعية عطاء فلسطين لتوزيع طرود غذائية على عائلات نازحة في قطاع غزة – تلفزيون الفجر,Israel,2026-03-15 10:45:00,https://alfajertv.com/news/palnews/722765.html,بنك الأردن يدعم جمعية عطاء فلسطين لتوزيع طرود غذائية على عائلات نازحة في قطاع غزة تلفزيون الفجر,17,2026-03
Japan and UNFPA launch new project to deliver health and protection services for women and girls in Palestine,Israel,2026-04-20 18:00:00,https://english.wafa.ps/Pages/Details/169630,japan and unfpa launch new project to deliver health and protection services for women and girls in palestine,18,2026-04
President Abbas Abbas receives phone call from Indonesian President,Israel,2026-03-23 13:30:00,https://english.wafa.ps/Pages/Details/168555,president abbas abbas receives phone call from indonesian president,9,2026-03
التوسّع وسيطرة المستعمرة,Israel,2026-05-01 22:00:00,https://www.addustour.com/articles/1563991-%D8%A7%D9%84%D8%AA%D9%88%D8%B3%D9%91%D8%B9-%D9%88%D8%B3%D9%8A%D8%B7%D8%B1%D8%A9-%D8%A7%D9%84%D9%85%D8%B3%D8%AA%D8%B9%D9%85%D8%B1%D8%A9,التوس ع وسيطرة المستعمرة,4,2026-05
المنشية .. قرية مهجّرة على تخوم ساحل عكا,Israel,2026-03-03 21:15:00,https://www.addustour.com/articles/1552169-%D8%A7%D9%84%D9%85%D9%86%D8%B4%D9%8A%D8%A9-%D9%82%D8%B1%D9%8A%D8%A9-%D9%85%D9%87%D8%AC%D9%91%D8%B1%D8%A9-%D8%B9%D9%84%D9%89-%D8%AA%D8%AE%D9%88%D9%85-%D8%B3%D8%A7%D8%AD%D9%84-%D8%B9%D9%83%D8%A7,المنشية قرية مهج رة على تخوم ساحل عكا,8,2026-03
رغم اعتراض واشنطن .. العمل الدولية تمنح فلسطين صفة عضو مراقب بصلاحيات موسعة,Israel,2026-04-03 00:30:00,https://palinfo.com/news/2026/04/03/1105004/,رغم اعتراض واشنطن العمل الدولية تمنح فلسطين صفة عضو مراقب بصلاحيات موسعة,12,2026-04
إسرائيل على حافة الهاوية,Israel,2026-03-14 19:45:00,https://alghad.com/Section-171/%D8%AA%D8%B1%D8%AC%D9%85%D8%A7%D8%AA/%D8%A5%D8%B3%D8%B1%D8%A7%D8%A6%D9%8A%D9%84-%D8%B9%D9%84%D9%89-%D8%AD%D8%A7%D9%81%D8%A9-%D8%A7%D9%84%D9%87%D8%A7%D9%88%D9%8A%D8%A9-2067706,إسرائيل على حافة الهاوية,4,2026-03
عباس يبحث مع ملك الأردن الأوضاع بالضفة وغزة,Israel,2026-04-28 14:30:00,https://safa.ps/post/407029/%D8%B9%D8%A8%D8%A7%D8%B3-%D9%8A%D8%A8%D8%AD%D8%AB-%D9%85%D8%B9-%D9%85%D9%84%D9%83-%D8%A7%D9%84%D8%A3%D8%B1%D8%AF%D9%86-%D8%A7%D9%84%D8%A3%D9%88%D8%B6%D8%A7%D8%B9-%D8%A8%D8%A7%D9%84%D8%B6%D9%81%D8%A9-%D9%88%D8%BA%D8%B2%D8%A9,عباس يبحث مع ملك الأردن الأوضاع بالضفة وغزة,8,2026-04
Health Minister discusses strengthening cooperation with WHO representative,Israel,2026-03-10 00:00:00,https://english.wafa.ps/Pages/Details/168155,health minister discusses strengthening cooperation with who representative,8,2026-03
Britain created the template for Israel occupation . It must own up to its crimes in Palestine,Israel,2026-04-29 13:30:00,https://www.middleeasteye.net/opinion/britain-legacy-of-violence-palestine,britain created the template for israel occupation it must own up to its crimes in palestine,16,2026-04
عقيدة نتنياهو : إدارة غزة أمنيا وضم الضفة بهدوء,Israel,2026-03-19 00:15:00,https://www.aljazeera.net/blogs/2026/3/18/%D8%B9%D9%82%D9%8A%D8%AF%D8%A9-%D9%86%D8%AA%D9%86%D9%8A%D8%A7%D9%87%D9%88-%D8%A5%D8%AF%D8%A7%D8%B1%D8%A9-%D8%BA%D8%B2%D8%A9-%D8%A3%D9%85%D9%86%D9%8A%D8%A7-%D9%88%D8%B6%D9%85,عقيدة نتنياهو إدارة غزة أمنيا وضم الضفة بهدوء,8,2026-03
  الحروب المتدحرجة  وملحق  الدولة والطائفية - الحياة الجديدة,Israel,2026-04-03 21:00:00,https://www.alhaya.ps/ar/Article/175085/%D8%A7%D9%84%D8%AD%D8%B1%D9%88%D8%A8-%D8%A7%D9%84%D9%85%D8%AA%D8%AF%D8%AD%D8%B1%D8%AC%D8%A9-%D9%88%D9%85%D9%84%D8%AD%D9%82-%D8%A7%D9%84%D8%AF%D9%88%D9%84%D8%A9-%D9%88%D8%A7%D9%84%D8%B7%D8%A7%D8%A6%D9%81%D9%8A%D8%A9,الحروب المتدحرجة وملحق الدولة والطائفية الحياة الجديدة,7,2026-04
  الإحصاء : ارتفاع أسعار المستهلك في فلسطين بنسبة 12 . 02 % – تلفزيون الفجر,Israel,2026-03-12 10:00:00,https://alfajertv.com/cocktail/economy/722207.html,الإحصاء ارتفاع أسعار المستهلك في فلسطين بنسبة 12 02 تلفزيون الفجر,11,2026-03
تقرير : الحرب الاقليمية بين اسرائيل وايران : تداعيات تتجاوز الحدود واثار سلبية على فلسطين ولبنان,Israel,2026-03-07 08:30:00,https://pnn.ps/news/720470,تقرير الحرب الاقليمية بين اسرائيل وايران تداعيات تتجاوز الحدود واثار سلبية على فلسطين ولبنان,14,2026-03
الحية يدعو باكستان لدعم صمود فلسطين ويحذر من مخاطر تقسم الأقصى,Israel,2026-03-08 10:45:00,https://palinfo.com/news/2026/03/08/1102594/,الحية يدعو باكستان لدعم صمود فلسطين ويحذر من مخاطر تقسم الأقصى,11,2026-03
أبو ردينة يحذّر من خطورة استمرار الحرب على قطاع غزة وتصاعد هجمات المستوطنين في الضفة - شبكة فلسطين للأنباء,Israel,2026-03-28 19:00:00,https://www.shfanews.net/post/272560,أبو ردينة يحذ ر من خطورة استمرار الحرب على قطاع غزة وتصاعد هجمات المستوطنين في الضفة شبكة فلسطين للأنباء,19,2026-03
تزامنًا مع العدوان على إيران .. الاحتلال يحول قرى الضفة ومدنها إلى سجون مغلقة,Israel,2026-03-04 07:15:00,http://zamnpress.com/news/140552,تزامن ا مع العدوان على إيران الاحتلال يحول قرى الضفة ومدنها إلى سجون مغلقة,14,2026-03
Berlin Police Chief has links to evangelical Israel lobbyists – Middle East Monitor,Israel,2026-03-07 20:30:00,https://www.middleeastmonitor.com/20260307-berlins-police-chief-has-links-to-evangelical-israel-lobbyists/,berlin police chief has links to evangelical israel lobbyists middle east monitor,12,2026-03
الرئيس : استمرار حجز أموال المقاصة يقوض السلطة,Israel,2026-03-17 01:00:00,https://pnn.ps/news/720718,الرئيس استمرار حجز أموال المقاصة يقوض السلطة,7,2026-03
مصطفى : الاستقرار الاقتصادي أولوية ويتطلب دعمًا ماليًا عاجلًا ومستدامًا,Israel,2026-04-20 15:45:00,https://pnn.ps/news/722046,مصطفى الاستقرار الاقتصادي أولوية ويتطلب دعم ا مالي ا عاجل ا ومستدام ا,13,2026-04
الشيخ والصفدي يبحثان الأوضاع الإنسانية في غزة,Israel,2026-04-08 21:00:00,https://www.raya.ps/news/1215376.html,الشيخ والصفدي يبحثان الأوضاع الإنسانية في غزة,7,2026-04
Little enthusiasm as Palestinians gear up for local polls,Israel,2026-04-16 12:45:00,https://www.al-monitor.com/originals/2026/04/little-enthusiasm-palestinians-gear-local-polls,little enthusiasm as palestinians gear up for local polls,9,2026-04
Deepening West Asia war worsens Palestinian suffering too : Envoy Abdullah Abu Shawesh,Israel,2026-03-25 16:45:00,http://www.israelherald.com/news/278943512/deepening-west-asia-war-worsens-palestinian-suffering-too-envoy-abdullah-abu-shawesh,deepening west asia war worsens palestinian suffering too envoy abdullah abu shawesh,12,2026-03
"Care packages , brought to Palestinians by colonialism",Israel,2026-03-05 21:15:00,https://www.middleeastmonitor.com/20260305-care-packages-brought-to-palestinians-by-colonialism/,care packages brought to palestinians by colonialism,7,2026-03
Weekly Briefing : Israel impunity is crumbling – Mondoweiss,Israel,2026-04-19 23:15:00,https://mondoweiss.net/2026/04/weekly-briefing-israels-impunity-is-crumbling/,weekly briefing israel impunity is crumbling mondoweiss,7,2026-04
مدى : 65 انتهاك ضد الحريات الإعلامية في فلسطين خلال شهر شباط الماضي,Israel,2026-03-03 10:15:00,https://www.raya.ps/news/1212928.html,مدى 65 انتهاك ضد الحريات الإعلامية في فلسطين خلال شهر شباط الماضي,12,2026-03
الإحصاء في يوم الأرض : الاحتلال استولى على حوالي 6 آلاف دونم في الضفة عام 2025,Israel,2026-03-30 10:15:00,https://pnn.ps/news/721068,الإحصاء في يوم الأرض الاحتلال استولى على حوالي 6 آلاف دونم في الضفة عام 2025,15,2026-03
برهم يبحث مع ممثل اليونيسف مستجدات التعليم في ظل الظروف الراهنة,Israel,2026-04-16 13:30:00,https://pnn.ps/news/721888,برهم يبحث مع ممثل اليونيسف مستجدات التعليم في ظل الظروف الراهنة,11,2026-04
The  ultra - apartheid  convergence : Regional escalation and the engineered asphyxiation of Palestine – Middle East Monitor,Israel,2026-04-06 14:30:00,https://www.middleeastmonitor.com/20260406-the-ultra-apartheid-convergence-regional-escalation-and-the-engineered-asphyxiation-of-palestine/,the ultra apartheid convergence regional escalation and the engineered asphyxiation of palestine middle east monitor,15,2026-04
السفيرة رينا فتوح تقدم أوراق اعتمادها سفيرة مفوضة فوق العادة لدولة فلسطين لدى السلفادور - شبكة فلسطين للأنباء,Israel,2026-03-01 13:15:00,https://www.shfanews.net/post/267780,السفيرة رينا فتوح تقدم أوراق اعتمادها سفيرة مفوضة فوق العادة لدولة فلسطين لدى السلفادور شبكة فلسطين للأنباء,17,2026-03
Israeli envoy to Italy calls magazine antisemitic over settler violence coverage,Israel,2026-04-14 08:15:00,https://www.middleeasteye.net/news/israeli-envoy-italy-calls-magazine-antisemitic-over-settler-violence-coverage,israeli envoy to italy calls magazine antisemitic over settler violence coverage,11,2026-04
Making humanitarian aid work for everyone but the recipients,Israel,2026-03-17 17:45:00,https://www.middleeastmonitor.com/20260317-making-humanitarian-aid-work-for-everyone-but-the-recipients/,making humanitarian aid work for everyone but the recipients,9,2026-03
הבעיה הפלסטינית תתפוצץ אחרי המלחמה עם איראן | דניאל פרידמן,Israel,2026-03-07 21:30:00,https://www.maariv.co.il/news/opinions/article-1292501,הבעיה הפלסטינית תתפוצץ אחרי המלחמה עם איראן דניאל פרידמן,9,2026-03
Factbox - Recent acts of Jewish - targeted violence in the United States,Israel,2026-03-13 01:30:00,https://www.al-monitor.com/originals/2026/03/factbox-recent-acts-jewish-targeted-violence-united-states,factbox recent acts of jewish targeted violence in the united states,11,2026-03
وفد فلسطيني برئاسة نائب الرئيس يلتقي وزير الخارجية السعودية,Israel,2026-03-30 15:00:00,https://pnn.ps/news/721091,وفد فلسطيني برئاسة نائب الرئيس يلتقي وزير الخارجية السعودية,9,2026-03
أسعار الغاز والمحروقات في فلسطين لشهر 3 مارس / آذار 2026,Israel,2026-03-01 00:45:00,https://www.raya.ps/news/1212779.html,أسعار الغاز والمحروقات في فلسطين لشهر 3 مارس آذار 2026,10,2026-03
الرئيس يجتمع بالملك عبد الله الثاني ويطلعه على برنامج الإصلاح الشامل الذي تنفذه القيادة الفلسطينية – تلفزيون الفجر,Israel,2026-04-28 16:00:00,https://alfajertv.com/news/palnews/727844.html,الرئيس يجتمع بالملك عبد الله الثاني ويطلعه على برنامج الإصلاح الشامل الذي تنفذه القيادة الفلسطينية تلفزيون الفجر,17,2026-04
הניצחון על איראן עובר בריבונות,Israel,2026-03-12 09:45:00,https://www.inn.co.il/news/692037,הניצחון על איראן עובר בריבונות,5,2026-03
وفد فلسطيني برئاسة الشيخ يلتقي الرئيس التركي – تلفزيون الفجر,Israel,2026-03-31 23:15:00,https://alfajertv.com/news/palnews/724521.html,وفد فلسطيني برئاسة الشيخ يلتقي الرئيس التركي تلفزيون الفجر,9,2026-03
الإحصاء : 2 . 47 مليون طفل في فلسطين  نبض لا يتوقف وصمود في وجه التحديات  - شبكة فلسطين للأنباء,Israel,2026-04-05 08:45:00,https://www.shfanews.net/post/273985,الإحصاء 2 47 مليون طفل في فلسطين نبض لا يتوقف وصمود في وجه التحديات شبكة فلسطين للأنباء,17,2026-04
بنك فلسطين وجمعية عطاء فلسطين يوزعان وجبات إفطار للأسر المتضررة في غزة ضمن حملة  رمضان يجمعنا بالحب والعطاء  ,Israel,2026-03-15 15:45:00,https://pnn.ps/news/720688,بنك فلسطين وجمعية عطاء فلسطين يوزعان وجبات إفطار للأسر المتضررة في غزة ضمن حملة رمضان يجمعنا بالحب والعطاء,18,2026-03
סטירה לנתניהו : מלך ירדן סירב לפגישה עם ראש הממשלה,Israel,2026-03-30 19:00:00,https://www.srugim.co.il/1301083-%D7%A1%D7%98%D7%99%D7%A8%D7%94-%D7%9C%D7%A0%D7%AA%D7%A0%D7%99%D7%94%D7%95-%D7%9E%D7%9C%D7%9A-%D7%99%D7%A8%D7%93%D7%9F-%D7%A1%D7%99%D7%A8%D7%91-%D7%9C%D7%A4%D7%92%D7%99%D7%A9%D7%94,סטירה לנתניהו מלך ירדן סירב לפגישה עם ראש הממשלה,9,2026-03
  الإحصاء : الرقم القياسي العام لأسعار المستهلك يسجل ارتفاعاً نسبته 5 . 27 بالمئة خلال آذار الماضي,Israel,2026-04-14 09:30:00,https://pnn.ps/news/721740,الإحصاء الرقم القياسي العام لأسعار المستهلك يسجل ارتفاعا نسبته 5 27 بالمئة خلال آذار الماضي,15,2026-04
Separating land from the people supports Israel colonial expansion – Middle East Monitor,Israel,2026-03-31 18:15:00,https://www.middleeastmonitor.com/20260331-separating-land-from-the-people-supports-israels-colonial-expansion/,separating land from the people supports israel colonial expansion middle east monitor,12,2026-03
Palestinian Authority accelerates heritage campaign as West Bank tensions rise,Israel,2026-03-28 13:00:00,http://www.jpost.com/jerusalem-report/article-890900,palestinian authority accelerates heritage campaign as west bank tensions rise,10,2026-03
Palestinian Authority Sidelined as Regional War Reshapes Political Landscape,Israel,2026-03-10 23:30:00,https://themedialine.org/top-stories/palestinian-authority-sidelined-as-regional-war-reshapes-political-landscape/,palestinian authority sidelined as regional war reshapes political landscape,9,2026-03
وزارة شؤون المرأة تصدر ورقة تحليلية حول واقع النساء في الاقتصاد الفلسطيني أذار 2025 – آذار 2026 - شبكة فلسطين للأنباء,Israel,2026-03-01 17:45:00,https://www.shfanews.net/post/267835,وزارة شؤون المرأة تصدر ورقة تحليلية حول واقع النساء في الاقتصاد الفلسطيني أذار 2025 آذار 2026 شبكة فلسطين للأنباء,19,2026-03
تونس تحيي يوم الأرض الفلسطيني بسلسلة فعاليات تضامنية,Israel,2026-04-01 15:00:00,https://palinfo.com/news/2026/04/01/1104863/,تونس تحيي يوم الأرض الفلسطيني بسلسلة فعاليات تضامنية,8,2026-04
فلسطين وتداعيات التوتر الإقليمي,Israel,2026-03-02 22:45:00,https://www.addustour.com/articles/1551881-%D9%81%D9%84%D8%B3%D8%B7%D9%8A%D9%86-%D9%88%D8%AA%D8%AF%D8%A7%D8%B9%D9%8A%D8%A7%D8%AA-%D8%A7%D9%84%D8%AA%D9%88%D8%AA%D8%B1-%D8%A7%D9%84%D8%A5%D9%82%D9%84%D9%8A%D9%85%D9%8A,فلسطين وتداعيات التوتر الإقليمي,4,2026-03
الأمم المتحدة : الوضع بغزة والضفة يشهد تدهورًا مطردًا,Israel,2026-04-28 23:45:00,https://www.alwatanvoice.com/arabic/news/2026/04/29/1553065.html,الأمم المتحدة الوضع بغزة والضفة يشهد تدهور ا مطرد ا,10,2026-04
"Weekly Briefing : Trump and Netanyahu miscalculated , and now theyre going to find out – Mondoweiss",Israel,2026-03-15 16:30:00,https://mondoweiss.net/2026/03/weekly-briefing-trump-and-netanyahu-miscalculated-and-now-theyre-going-to-find-out/,weekly briefing trump and netanyahu miscalculated and now theyre going to find out mondoweiss,14,2026-03
Disabled Palestinian child assaulted by Israeli forces in occupied East Jerusalem,Israel,2026-04-30 22:00:00,https://www.middleeastmonitor.com/20260430-disabled-palestinian-child-assaulted-by-israeli-forces-in-occupied-east-jerusalem/,disabled palestinian child assaulted by israeli forces in occupied east jerusalem,11,2026-04
نائب الرئيس حسين الشيخ يبحث هاتفيا مع وزير الخارجية المصري تطورات الأوضاع في الضفة وغزة - شبكة فلسطين للأنباء,Israel,2026-03-23 17:45:00,https://www.shfanews.net/post/271583,نائب الرئيس حسين الشيخ يبحث هاتفيا مع وزير الخارجية المصري تطورات الأوضاع في الضفة وغزة شبكة فلسطين للأنباء,18,2026-03
أكثر من ألف فنان يدعون لمقاطعة  يوروفيجن  رفضا لمشاركة  إسرائيل  ,Israel,2026-04-22 20:45:00,https://assabeel.net/70261,أكثر من ألف فنان يدعون لمقاطعة يوروفيجن رفضا لمشاركة إسرائيل,10,2026-04
البرغوثي : إسرائيل تستغل الحرب بالمنطقة لتصعيد انتهاكاتها في فلسطين,Israel,2026-03-28 15:15:00,https://palinfo.com/news/2026/03/28/1104434/,البرغوثي إسرائيل تستغل الحرب بالمنطقة لتصعيد انتهاكاتها في فلسطين,9,2026-03
"Jailed Palestinian leader Barghouti could head  democratic renewal , son says",Israel,2026-04-24 13:00:00,https://www.al-monitor.com/originals/2026/04/jailed-palestinian-leader-barghouti-could-head-democratic-renewal-son-says,jailed palestinian leader barghouti could head democratic renewal son says,10,2026-04
السفير عواد يطلع مجلس السفراء العرب في بكين على تطورات الأوضاع في فلسطين,Israel,2026-04-19 21:15:00,https://www.raya.ps/news/1216021.html,السفير عواد يطلع مجلس السفراء العرب في بكين على تطورات الأوضاع في فلسطين,13,2026-04
إصابة 6 فلسطينيين خلال اقتحامات إسرائيلية بالضفة الغربية,Israel,2026-03-12 06:15:00,http://zamnpress.com/news/140605,إصابة 6 فلسطينيين خلال اقتحامات إسرائيلية بالضفة الغربية,8,2026-03
Local elections in the West Bank and part of Gaza could test public trust,United States,2026-04-25 11:30:00,https://www.clickondetroit.com/news/world/2026/04/25/local-elections-in-the-west-bank-and-part-of-gaza-could-test-public-trust/,local elections in the west bank and part of gaza could test public trust,14,2026-04
World News : 16 killed in Gaza and West Bank,United States,2026-03-16 00:45:00,https://www.gdnonline.com:443/Details/1378698,world news 16 killed in gaza and west bank,9,2026-03
Dismayed by USM cancellation of Palestine conference,United States,2026-03-07 21:45:00,https://www.centralmaine.com/2026/03/07/dismayed-by-usm-cancellation-of-palestine-conference-letter/,dismayed by usm cancellation of palestine conference,7,2026-03
World News : Israeli attack claims three lives in Gaza as regional offensives escalate,United States,2026-03-14 00:45:00,https://www.gdnonline.com:443/Details/1378544,world news israeli attack claims three lives in gaza as regional offensives escalate,13,2026-03
Chinese envoy calls for irreversible steps to advance two - state solution,United States,2026-03-25 11:15:00,http://www.bignewsnetwork.com/news/278943044/chinese-envoy-calls-for-irreversible-steps-to-advance-two-state-solution,chinese envoy calls for irreversible steps to advance two state solution,11,2026-03
Modi government has betrayed traditional Indian principles by its,United States,2026-04-23 22:15:00,http://www.bignewsnetwork.com/news/279007776/modi-government-has-betrayed-traditional-indian-principles-by-its-silence-on-gaza-war-impact-jairam-ramesh,modi government has betrayed traditional indian principles by its,9,2026-04
Palestinian officials hail local elections in a Gaza community and the West Bank,United States,2026-04-27 12:45:00,https://www.ideastream.org/2026-04-27/palestinian-officials-hail-local-elections-in-a-gaza-community-and-the-west-bank,palestinian officials hail local elections in a gaza community and the west bank,13,2026-04
Who Will Govern Gaza ? | Council on Foreign Relations,United States,2026-03-13 21:45:00,https://www.cfr.org/articles/who-will-govern-gaza,who will govern gaza council on foreign relations,8,2026-03
Israel is an Apartheid State  From the River to the Sea  ,United States,2026-04-29 20:15:00,https://www.dailykos.com/stories/2026/4/29/800030152/community/israel-is-an-apartheid-state-from-the-river-to-the-sea/,israel is an apartheid state from the river to the sea,11,2026-04
"Israel kills father , daughter in Gaza as genocide continues amid wider war",United States,2026-03-07 15:45:00,https://www.aljazeera.com/news/2026/3/7/israel-kills-father-daughter-in-gaza-as-genocide-continues-amid-wider-war,israel kills father daughter in gaza as genocide continues amid wider war,12,2026-03
"Palestinian president warns of dangerous situation in West Bank , demands completion of Gaza ceasefire deal",United States,2026-03-23 20:00:00,http://www.bignewsnetwork.com/news/278939860/palestinian-president-warns-of-dangerous-situation-in-west-bank-demands-completion-of-gaza-ceasefire-deal,palestinian president warns of dangerous situation in west bank demands completion of gaza ceasefire deal,15,2026-03
Gaza holds first elections in 20 years amid stalled ceasefire,United States,2026-04-25 19:45:00,https://us.cnn.com/2026/04/25/middleeast/gaza-palestinian-elections-deir-al-balah-intl,gaza holds first elections in 20 years amid stalled ceasefire,10,2026-04
Local elections in the West Bank and part of Gaza could test public trust,United States,2026-04-25 06:45:00,https://www.seattletimes.com/nation-world/local-elections-in-the-west-bank-and-part-of-gaza-could-test-public-trust/,local elections in the west bank and part of gaza could test public trust,14,2026-04
Izraeli támadásokban meghalt sok palesztin a Gázai övezetben és Ciszjordániában,United States,2026-03-16 11:00:00,https://ujszo.com/kulfold/izraeli-tamadasokban-meghalt-sok-palesztin-a-gazai-ovezetben-es-ciszjordaniaban,izraeli támadásokban meghalt sok palesztin a gázai övezetben és ciszjordániában,10,2026-03
Palestinian authorities call local elections in a Gaza community and the West Bank a success,United States,2026-04-26 21:15:00,https://www.clickorlando.com/news/world/2026/04/26/palestinian-authorities-call-local-elections-in-a-gaza-community-and-the-west-bank-a-success/,palestinian authorities call local elections in a gaza community and the west bank a success,15,2026-04
Watch : Europe relationship with Israel is fracturing how far will it go ? ,United States,2026-04-21 13:45:00,https://www.euronews.com/my-europe/2026/04/21/watch-europes-relationship-with-israel-is-fracturing-how-far-will-it-go,watch europe relationship with israel is fracturing how far will it go,12,2026-04
Palestinians vote in West Bank and central Gaza municipal elections,United States,2026-04-25 18:00:00,https://www.euronews.com/2026/04/25/palestinians-vote-in-west-bank-and-central-gaza-municipal-elections-the-first-since-war-st,palestinians vote in west bank and central gaza municipal elections,10,2026-04
What It Took for Film Director Cherien Dabis to  Find Palestine Everywhere But Palestine  ,United States,2026-03-06 09:30:00,https://www.cntraveler.com/story/what-it-took-for-film-director-cherien-dabis-to-find-palestine-everywhere-but-palestine,what it took for film director cherien dabis to find palestine everywhere but palestine,14,2026-03
Palestinian officials hail local elections in a Gaza community and the West Bank,United States,2026-04-27 06:00:00,https://www.npr.org/2026/04/27/g-s1-118847/local-elections-in-gaza-and-the-west-bank,palestinian officials hail local elections in a gaza community and the west bank,13,2026-04
J . D . Vance Responds To Heckler Who Yelled  Youre Killing Children  From Gaza,United States,2026-04-15 01:00:00,https://www.tmz.com/2026/04/14/jd-vance-responds-to-heckler-gaza-comments/,j d vance responds to heckler who yelled youre killing children from gaza,13,2026-04
"Shakespeare Club hears history on State of Palestine | News , Sports , Jobs",United States,2026-04-01 09:45:00,https://www.observertoday.com/news/local-region/2026/04/shakespeare-club-hears-history-on-state-of-palestine/,shakespeare club hears history on state of palestine news sports jobs,11,2026-04
"Middle East Expert Draws Parallels Between Jewish , Palestinian Experiences",United States,2026-03-27 00:00:00,https://thehoya.com/news/middle-east-expert-draws-parallels-between-jewish-palestinian-experiences/,middle east expert draws parallels between jewish palestinian experiences,9,2026-03
Local elections in the West Bank and part of Gaza could test public trust,United States,2026-04-25 12:45:00,https://www.ksat.com/news/world/2026/04/25/local-elections-in-the-west-bank-and-part-of-gaza-could-test-public-trust/,local elections in the west bank and part of gaza could test public trust,14,2026-04
ICE arrests the head of Wisconsin largest Islamic group,United States,2026-04-03 04:15:00,https://www.seattletimes.com/nation-world/nation/ice-arrests-the-head-of-wisconsins-largest-islamic-group/,ice arrests the head of wisconsin largest islamic group,9,2026-04
World News : Gazans vote for first time in two decades,United States,2026-04-26 00:00:00,https://www.gdnonline.com:443/Details/1392728,world news gazans vote for first time in two decades,10,2026-04
"SDG 6 in Palestine : Water , Sanitation and Life Under Blockade",United States,2026-04-06 11:00:00,https://borgenproject.org/sdg-6-in-palestine/,sdg 6 in palestine water sanitation and life under blockade,10,2026-04
Intersectional conundrum : Palestinian watermelon mural upsets black community,United States,2026-03-07 08:15:00,https://www.thecollegefix.com/intersectional-conundrum-palestinian-watermelon-mural-upsets-black-community/,intersectional conundrum palestinian watermelon mural upsets black community,8,2026-03
New vote in parts of Gaza a success | Northwest Arkansas Democrat - Gazette,United States,2026-04-27 14:00:00,https://www.nwaonline.com/news/2026/apr/27/new-vote-in-parts-of-gaza-a-success/,new vote in parts of gaza a success northwest arkansas democrat gazette,12,2026-04
Palestinians cast ballots in first elections since Gaza war,United States,2026-04-25 11:15:00,https://www.channelnewsasia.com/world/palestine-gaza-first-elections-ballot-war-6080706,palestinians cast ballots in first elections since gaza war,9,2026-04
Dismayed by USM cancellation of Palestine conference,United States,2026-03-07 22:15:00,https://www.pressherald.com/2026/03/07/dismayed-by-usm-cancellation-of-palestine-conference-letter/,dismayed by usm cancellation of palestine conference,7,2026-03
ヨルダン川西岸 、 過去1年でパレスチナ人3 . 6万人超が強制避難＝国連,United States,2026-03-18 03:15:00,https://jp.reuters.com/economy/XV5DAKGHOROQJCPVMGDXRG6AUI-2026-03-18/,ヨルダン川西岸 過去1年でパレスチナ人3 6万人超が強制避難 国連,4,2026-03
"Resistance Is History , Resistance Is Life - Antiwar . com Blog",United States,2026-04-13 23:30:00,https://www.antiwar.com/blog/2026/04/13/resistance-is-history-resistance-is-life/,resistance is history resistance is life antiwar com blog,9,2026-04
Brian Eno and 200+ Artists Urge British Museum to  Stop Erasing Palestine  ,United States,2026-03-13 00:15:00,https://hyperallergic.com/brian-eno-and-200-artists-urge-british-museum-to-stop-erasing-palestine/,brian eno and 200 artists urge british museum to stop erasing palestine,12,2026-03
AB - BM raporu : Gazzenin toparlanması ve yeniden inşası için 71 milyar dolardan fazlasına ihtiyaç var,United States,2026-04-21 19:30:00,https://tr.euronews.com/2026/04/21/ab-bm-raporu-gazzenin-toparlanmasi-ve-yeniden-insasi-icin-71-milyar-dolardan-fazlasina-iht,ab bm raporu gazzenin toparlanması ve yeniden inşası için 71 milyar dolardan fazlasına ihtiyaç var,15,2026-04
UN chief warns of Israeli - made humanitarian crisis in Gaza amid war on Iran,United States,2026-03-03 16:45:00,https://www.aljazeera.com/news/2026/3/3/un-chief-warns-of-israeli-made-humanitarian-crisis-in-gaza-amid-war-on-iran,un chief warns of israeli made humanitarian crisis in gaza amid war on iran,14,2026-03
Palestinians vote in local elections in West Bank and part of Gaza | Chattanooga Times Free Press,United States,2026-04-26 06:15:00,http://www.timesfreepress.com/news/2026/apr/26/palestinians-vote-in-local-elections-in-west-bank-and-part-of-gaza-tfp/,palestinians vote in local elections in west bank and part of gaza chattanooga times free press,16,2026-04
Gaza holds first elections in 20 years amid stalled ceasefire,United States,2026-04-25 18:15:00,https://edition.cnn.com/2026/04/25/middleeast/gaza-palestinian-elections-deir-al-balah-intl,gaza holds first elections in 20 years amid stalled ceasefire,10,2026-04
Diversity Wars : Pro - Palestine Watermelon Mural Triggers Black Community In Richmond,United States,2026-03-10 14:45:00,https://www.zerohedge.com/political/diversity-wars-pro-palestine-watermelon-mural-triggers-black-community-richmond,diversity wars pro palestine watermelon mural triggers black community in richmond,11,2026-03
"UNRWA Chief Lazzarini Talks Gaza , UNRWA Future At Geneva",United States,2026-03-25 08:00:00,https://www.miragenews.com/unrwa-chief-lazzarini-talks-gaza-unrwa-future-1643902/,unrwa chief lazzarini talks gaza unrwa future at geneva,9,2026-03
Javier Bardem at the Oscars | Frontpage Mag,United States,2026-03-20 01:45:00,https://www.frontpagemag.com/javier-bardem-at-the-oscars/,javier bardem at the oscars frontpage mag,7,2026-03
Window on the West Bank : Indybay,United States,2026-03-23 00:45:00,https://www.indybay.org/newsitems/2026/03/21/18885104.php,window on the west bank indybay,6,2026-03
Gaza holds first elections in 20 years amid stalled ceasefire process – but only in one city,United States,2026-04-25 18:00:00,https://www.cnn.com/2026/04/25/middleeast/gaza-palestinian-elections-deir-al-balah-intl,gaza holds first elections in 20 years amid stalled ceasefire process but only in one city,16,2026-04
UNRWA Chief : Education Access Under Attack in Palestine,United States,2026-03-03 10:45:00,https://www.miragenews.com/unrwa-chief-education-access-under-attack-in-1629854/,unrwa chief education access under attack in palestine,8,2026-03
Top Palestinian Children Rights Group Shutters After Being Targeted By Israel,United States,2026-04-07 20:15:00,https://truthout.org/articles/top-palestinian-childrens-rights-group-shutters-after-being-targeted-by-israel/,top palestinian children rights group shutters after being targeted by israel,11,2026-04
Why is the EU under pressure to suspend its trade agreement with Israel ? ,United States,2026-04-21 16:45:00,https://www.aljazeera.com/news/2026/4/21/why-is-the-eu-under-pressure-to-suspend-its-trade-agreement-with-israel,why is the eu under pressure to suspend its trade agreement with israel,13,2026-04
Local elections in the West Bank and part of Gaza could test public trust,United States,2026-04-25 09:30:00,https://www.news4jax.com/news/world/2026/04/25/local-elections-in-the-west-bank-and-part-of-gaza-could-test-public-trust/,local elections in the west bank and part of gaza could test public trust,14,2026-04
Strengthens Trump and Bibi  | Thomas Friedman Iran dilemma,United States,2026-04-12 15:15:00,https://freerepublic.com/focus/f-news/4374596/posts,strengthens trump and bibi thomas friedman iran dilemma,8,2026-04
Letter : Israel enlists US in  Greater Israel project  ,United States,2026-03-17 22:00:00,https://www.citizensvoice.com/2026/03/17/letter-israel-enlists-us-in-greater-israel-project/,letter israel enlists us in greater israel project,8,2026-03
"AB bakanları ,  savaş suçu  gerekçesiyle İsrail ile ticaretin durdurulmasına karşı çıktı",United States,2026-04-21 19:30:00,https://tr.euronews.com/my-europe/2026/04/21/ab-bakanlari-savas-sucu-gerekcesiyle-israil-ile-ticaretin-durdurulmasina-karsi-cikti,ab bakanları savaş suçu gerekçesiyle i srail ile ticaretin durdurulmasına karşı çıktı,12,2026-04
Local elections in the West Bank and part of Gaza could test public trust,United States,2026-04-25 10:00:00,https://www.wsls.com/news/world/2026/04/25/local-elections-in-the-west-bank-and-part-of-gaza-could-test-public-trust/,local elections in the west bank and part of gaza could test public trust,14,2026-04
Palestinian leader and Pope talk of  alarming developments  ,United States,2026-03-16 17:30:00,https://aleteia.org/2026/03/16/palestinian-leader-calls-pope-leo-talk-of-alarming-developments/,palestinian leader and pope talk of alarming developments,8,2026-03
  Nem gyilkolták meg a lányomat : a család tagadja Izrael szerepét a francia újságírónő halálában,United States,2026-03-26 16:30:00,https://hu.euronews.com/my-europe/2026/03/26/nem-gyilkoltak-meg-a-lanyomat-a-csalad-tagadja-izrael-szerepet-a-francia-ujsagirono-halala,nem gyilkolták meg a lányomat a család tagadja izrael szerepét a francia újságírónő halálában,14,2026-03
"Iran war shifts Middle East dynamics , leaving Palestinian issues sidelined",United States,2026-03-12 17:00:00,https://www.yahoo.com/news/articles/iran-war-shifts-middle-east-223414256.html,iran war shifts middle east dynamics leaving palestinian issues sidelined,10,2026-03
Palestinians vote in local elections | The Arkansas Democrat - Gazette,United States,2026-04-26 12:15:00,http://www.arkansasonline.com/news/2026/apr/26/palestinians-vote-in-local-elections/,palestinians vote in local elections the arkansas democrat gazette,9,2026-04
Israeli settlers kill Palestinian during raid on occupied West Bank village - Grenada Chronicle – Daily Grenada And Caribbean News,United States,2026-04-11 22:00:00,https://grenadachronicle.com/israeli-settlers-kill-palestinian-during-raid-on-occupied-west-bank-village/,israeli settlers kill palestinian during raid on occupied west bank village grenada chronicle daily grenada and caribbean news,18,2026-04
"Israeli forces kill three Palestinians in Gaza , arrest dozens in West Bank",United States,2026-04-13 16:15:00,https://www.aljazeera.com/news/2026/4/13/israeli-forces-kill-three-palestinians-in-gaza-arrest-dozens-in-west-bank,israeli forces kill three palestinians in gaza arrest dozens in west bank,12,2026-04
Palestinian authorities call local elections in a Gaza community and the West Bank a success,United States,2026-04-26 23:15:00,https://www.news4jax.com/news/world/2026/04/26/palestinian-authorities-call-local-elections-in-a-gaza-community-and-the-west-bank-a-success/,palestinian authorities call local elections in a gaza community and the west bank a success,15,2026-04
İsrailin  idam yasası  Batı Şeriada protesto ediliyor,United States,2026-04-01 19:45:00,https://tr.euronews.com/2026/04/01/israilin-idam-yasasi-bati-seriada-protesto-ediliyor,i srailin idam yasası batı şeriada protesto ediliyor,8,2026-04
West Bank and Gaza local elections seen as a step toward presidential vote,United States,2026-04-27 03:30:00,https://www.wsbradio.com/news/world/palestinian/3WZNDV6DNY4PXNEDAPMNNALWHA/,west bank and gaza local elections seen as a step toward presidential vote,13,2026-04
World News : Israeli attack claims three lives in Gaza as regional offensives escalate,United States,2026-03-14 03:00:00,https://www.gdnonline.com:443/Details/1378544/Israeli-attack-claims-three-lives-in-Gaza-as-regional-offensives-escalate,world news israeli attack claims three lives in gaza as regional offensives escalate,13,2026-03
"Land Day : What happened in Palestine on March 30 , 1976 ? ",United States,2026-03-30 09:45:00,https://www.aljazeera.com/news/2026/3/30/land-day-what-happened-in-palestine-on-march-30-1976,land day what happened in palestine on march 30 1976,10,2026-03
"UNSC : Gaza Crisis , West Bank Violence Unsustainable",United States,2026-03-24 23:45:00,https://www.miragenews.com/unsc-gaza-crisis-west-bank-violence-1643492/,unsc gaza crisis west bank violence unsustainable,7,2026-03
Local elections in the West Bank and part of Gaza could test public trust,United States,2026-04-25 09:00:00,https://abcnews.com/International/wireStory/local-elections-west-bank-part-gaza-test-public-132371182,local elections in the west bank and part of gaza could test public trust,14,2026-04
"Israeli settlers kill Palestinian during raid on occupied West Bank village - Dominican Republic Post – Caribbean News , Business , Travel & Culture",United States,2026-04-11 20:30:00,https://dominicanrepublicpost.com/israeli-settlers-kill-palestinian-during-raid-on-occupied-west-bank-village/,israeli settlers kill palestinian during raid on occupied west bank village dominican republic post caribbean news business travel culture,19,2026-04
Halálbüntetés : sztrájkolnak a palesztinok Ciszjordániában az új izraeli törvény miatt,United States,2026-04-01 23:30:00,https://hu.euronews.com/2026/04/01/halalbuntetes-sztrajkolnak-a-palesztinok-ciszjordaniaban-az-uj-izraeli-torveny-miatt,halálbüntetés sztrájkolnak a palesztinok ciszjordániában az új izraeli törvény miatt,10,2026-04
Palestinian officials hail local elections in a Gaza community and the West Bank,United States,2026-04-27 10:00:00,https://www.kpbs.org/news/international/2026/04/26/palestinian-officials-hail-local-elections-in-a-gaza-community-and-the-west-bank,palestinian officials hail local elections in a gaza community and the west bank,13,2026-04
"Biblical Bloodlust : Huckabee , Cyrus , and the Zionist Greater Israel Fantasy Fueling the Iran War",United States,2026-03-06 09:45:00,https://www.counterpunch.org/2026/03/06/biblical-bloodlust-huckabee-cyrus-and-the-zionist-greater-israel-fantasy-fueling-the-iran-war/,biblical bloodlust huckabee cyrus and the zionist greater israel fantasy fueling the iran war,14,2026-03
New vote in parts of Gaza a success | The Arkansas Democrat - Gazette - Arkansa Best News Source,United States,2026-04-27 11:00:00,http://www.arkansasonline.com/news/2026/apr/27/new-vote-in-parts-of-gaza-a-success/,new vote in parts of gaza a success the arkansas democrat gazette arkansa best news source,16,2026-04
